"id","batteryId","batteryType","createdAt","updatedAt","vehicleModelId"
1,1226,"sold",2021-11-02 13:52:08,2022-11-02 11:30:08,3
2,1250,"sold",2021-11-05 15:27:41,2024-06-28 09:28:17,3
3,1264,"sold",2021-11-05 15:56:04,2023-12-29 06:53:04,3
4,1267,"sold",2021-11-05 16:03:15,2023-11-19 23:59:44,3
5,1308,"sold",2021-11-06 14:50:14,2024-03-01 03:47:55,3
6,1310,"sold",2021-11-06 14:54:10,2023-12-22 12:08:46,3
7,1312,"sold",2021-11-06 14:54:55,2023-12-01 21:55:32,3
8,1316,"sold",2021-11-06 15:03:57,2023-10-27 21:06:27,3
9,1321,"sold",2021-11-06 15:11:05,2023-12-07 23:27:25,3
10,1334,"sold",2021-11-06 15:23:27,2024-02-11 06:52:34,3
11,1336,"sold",2021-11-06 15:26:40,2023-04-20 15:48:50,3
12,1345,"sold",2021-11-06 15:39:23,2023-11-27 10:17:19,3
13,1353,"sold",2021-11-06 15:48:36,2024-02-26 11:03:56,3
14,1356,"sold",2021-11-06 15:51:32,2024-02-06 04:21:15,3
15,1359,"sold",2021-11-06 15:54:32,2023-11-28 01:36:30,3
16,1384,"sold",2021-11-07 05:04:01,2023-12-31 13:19:43,3
17,1395,"sold",2021-11-07 08:06:23,2023-12-09 07:46:53,3
18,1436,"sold",2021-12-12 03:36:38,2021-12-12 03:36:48,3
19,1499,"sold",2022-01-21 16:06:44,2024-04-29 17:27:14,3
20,1500,"sold",2022-01-21 16:10:46,2024-04-29 17:27:08,3
21,1501,"sold",2022-01-21 16:14:20,2024-04-29 17:39:03,3
22,1503,"sold",2022-01-22 01:29:36,2024-04-29 17:11:32,3
23,1506,"sold",2022-01-23 12:22:46,2024-04-29 17:19:51,3
24,1507,"sold",2022-01-23 12:27:13,2024-04-29 17:25:36,3
25,1516,"sold",2022-01-23 12:54:45,2024-04-29 17:43:40,3
26,1525,"sold",2022-01-23 14:08:07,2024-04-29 17:44:13,3
27,1526,"sold",2022-01-23 14:11:39,2024-04-29 17:19:50,3
28,1529,"sold",2022-01-23 14:24:22,2024-04-29 17:19:51,3
29,1531,"sold",2022-01-23 14:30:59,2024-04-29 17:38:31,3
30,1534,"sold",2022-01-23 15:06:30,2024-04-29 17:38:04,3
31,1537,"sold",2022-01-23 15:21:39,2024-04-29 17:42:11,3
32,1539,"sold",2022-01-23 15:28:54,2023-07-07 03:31:27,3
33,1573,"sold",2022-01-24 14:31:21,2024-04-29 17:14:51,3
34,1579,"sold",2022-01-24 14:58:54,2024-04-29 17:37:34,3
35,1604,"sold",2022-01-25 15:36:32,2024-04-29 17:18:48,3
36,1615,"sold",2022-01-26 13:26:05,2024-04-29 17:14:41,3
37,1618,"sold",2022-01-26 13:43:06,2024-06-28 09:27:10,3
38,1619,"sold",2022-01-26 13:51:49,2024-04-29 17:22:15,3
39,1622,"sold",2022-01-26 14:14:54,2024-04-29 17:43:11,3
40,1636,"sold",2022-01-27 12:56:46,2024-04-29 17:13:44,3
41,1640,"sold",2022-01-27 13:16:02,2024-04-29 17:14:41,3
42,1644,"sold",2022-01-27 13:41:48,2024-04-29 17:19:10,3
43,1645,"sold",2022-01-27 13:50:23,2024-04-29 17:14:48,3
44,1647,"sold",2022-01-27 13:59:24,2024-04-29 17:21:49,3
45,1658,"sold",2022-01-29 09:09:58,2023-06-23 01:30:58,3
46,1661,"sold",2022-01-29 12:12:23,2023-07-07 03:27:43,3
47,1663,"sold",2022-01-29 12:25:59,2024-04-29 17:13:11,3
48,1664,"sold",2022-01-29 12:30:38,2023-07-07 03:35:18,3
49,1667,"sold",2022-01-29 12:59:44,2024-04-29 17:36:51,3
50,1695,"sold",2022-02-03 13:43:52,2024-04-25 07:38:43,3
51,1703,"sold",2022-02-03 15:19:43,2024-04-29 17:24:39,3
52,1719,"sold",2022-02-04 02:37:18,2024-04-29 17:25:04,3
53,1723,"sold",2022-02-04 03:27:00,2024-04-29 17:40:33,3
54,1731,"sold",2022-02-04 05:40:41,2024-04-29 17:24:31,3
55,1752,"sold",2022-02-04 07:48:37,2024-04-29 17:15:01,3
56,1754,"sold",2022-02-04 07:59:46,2024-04-29 17:17:18,3
57,1756,"sold",2022-02-04 08:09:13,2024-04-29 17:40:47,3
58,1770,"sold",2022-02-04 09:17:57,2024-04-29 17:28:10,3
59,1773,"sold",2022-02-04 09:37:26,2024-04-29 17:25:35,3
60,1779,"sold",2022-02-04 12:56:07,2024-04-29 17:16:48,3
61,1781,"sold",2022-02-04 13:09:02,2024-04-29 17:39:35,3
62,1789,"sold",2022-02-04 13:50:00,2024-04-29 17:39:13,3
63,1790,"sold",2022-02-04 13:58:11,2024-04-29 17:40:06,3
64,1798,"sold",2022-02-04 14:31:50,2022-03-04 01:04:15,3
65,1813,"sold",2022-02-05 03:55:26,2023-07-07 03:29:04,3
66,1831,"sold",2022-02-12 14:01:21,2024-04-29 17:39:04,3
67,1838,"sold",2022-02-13 15:10:50,2024-04-29 17:11:04,3
68,1846,"sold",2022-02-14 12:27:55,2024-01-02 08:29:15,3
69,1869,"sold",2022-02-27 11:34:39,2022-02-27 13:10:12,1
70,1957,"sold",2022-05-13 11:41:39,2022-12-14 09:39:58,2
71,1960,"sold",2022-05-13 11:52:40,2024-06-28 09:28:48,2
72,1962,"lent",2022-05-13 11:53:04,2024-06-28 09:28:17,2
73,1993,"rent",2022-05-14 08:18:41,2024-06-28 09:29:00,2
74,2032,"sold",2022-05-14 08:47:48,2024-05-24 04:42:13,2
75,2063,"sold",2022-05-14 09:43:03,2023-04-07 13:01:53,2
76,2067,"sold",2022-05-14 09:44:04,2024-06-28 09:28:19,2
77,2105,"sold",2022-05-25 12:56:26,2024-06-28 09:28:40,2
78,2117,"sold",2022-05-28 02:37:38,2024-06-28 09:28:14,2
79,2124,"sold",2022-05-28 02:51:45,2024-06-28 09:28:29,2
80,2125,"rent",2022-05-28 02:51:57,2024-06-28 09:28:39,2
81,2148,"rent",2022-05-28 03:51:18,2023-08-03 01:11:06,2
82,2153,"sold",2022-05-28 03:52:35,2022-12-03 02:28:37,2
83,2173,"sold",2022-05-28 05:10:38,2024-06-28 09:28:54,2
84,2175,"sold",2022-05-28 05:10:50,2022-12-06 03:01:00,2
85,2196,"sold",2022-05-28 05:42:34,2023-10-09 16:32:16,2
86,2201,"sold",2022-05-28 05:43:12,2023-11-21 00:00:03,2
87,2236,"sold",2022-06-04 05:15:47,2024-06-28 09:28:40,2
88,2237,"rent",2022-06-04 05:15:51,2024-06-28 09:28:49,2
89,2238,"lent",2022-06-04 05:16:02,2024-06-28 09:28:43,2
90,2242,"sold",2022-06-04 05:16:27,2024-06-28 09:28:42,2
91,2258,"sold",2022-06-04 05:41:58,2024-06-28 09:28:35,2
92,2266,"sold",2022-06-04 05:57:10,2024-06-28 09:28:55,2
93,2276,"sold",2022-06-04 06:05:30,2023-02-11 11:07:58,2
94,2277,"rent",2022-06-04 06:05:32,2024-06-28 09:28:19,2
95,2278,"rent",2022-06-04 06:05:36,2024-06-28 09:28:56,2
96,2280,"rent",2022-06-04 06:22:08,2024-06-28 09:28:55,2
97,2282,"sold",2022-06-04 06:37:47,2024-06-28 09:28:21,2
98,2283,"sold",2022-06-04 06:37:50,2023-01-07 23:04:28,2
99,2288,"sold",2022-06-04 06:49:27,2024-06-28 09:28:20,2
100,2289,"rent",2022-06-04 06:49:31,2024-06-28 09:29:05,2
101,2292,"rent",2022-06-04 06:49:54,2024-06-28 08:03:46,2
102,2295,"sold",2022-06-04 06:52:24,2024-06-28 09:28:55,2
103,2306,"sold",2022-06-04 07:14:01,2022-11-21 06:28:46,2
104,2318,"swap_station",2022-06-04 07:41:11,2022-12-26 03:19:58,2
105,2340,"sold",2022-06-04 08:25:46,2022-11-22 06:23:51,2
106,2346,"rent",2022-06-04 08:46:13,2024-05-23 01:31:40,2
107,2367,"sold",2022-06-08 02:39:31,2024-06-28 09:28:40,2
108,2371,"rent",2022-06-09 02:05:56,2024-06-28 09:28:07,2
109,2374,"rent",2022-06-09 02:08:02,2024-06-28 09:29:03,2
110,2375,"sold",2022-06-09 02:13:04,2024-06-28 09:28:09,2
111,2376,"sold",2022-06-09 02:13:14,2024-06-28 09:28:38,2
112,2377,"sold",2022-06-09 02:14:18,2024-06-28 09:28:33,2
113,2378,"sold",2022-06-09 02:14:38,2024-06-28 09:25:16,2
114,2381,"swap_station",2022-06-09 02:16:10,2024-06-28 09:28:40,2
115,2383,"sold",2022-06-09 02:25:20,2024-06-28 09:28:42,2
116,2385,"sold",2022-06-09 02:26:29,2024-06-28 09:28:37,2
117,2386,"rent",2022-06-09 02:26:46,2024-06-28 09:28:13,2
118,2392,"additional_rent",2022-06-09 02:30:35,2024-01-29 08:59:56,2
119,2394,"rent",2022-06-09 02:31:45,2024-06-28 09:29:04,2
120,2395,"rent",2022-06-09 02:31:56,2024-06-28 09:28:54,2
121,2396,"rent",2022-06-09 02:34:05,2024-06-28 09:28:32,2
122,2397,"sold",2022-06-09 02:34:16,2024-06-28 09:28:24,2
123,2400,"lent",2022-06-09 02:35:12,2024-06-28 09:28:23,2
124,2401,"rent",2022-06-09 02:35:25,2024-06-28 09:28:19,2
125,2402,"sold",2022-06-09 02:36:30,2024-06-28 09:29:05,2
126,2406,"lent",2022-06-09 02:37:48,2024-06-28 09:28:57,2
127,2408,"sold",2022-06-09 02:39:02,2024-06-28 09:28:23,2
128,2412,"rent",2022-06-09 02:40:20,2024-04-19 14:20:56,2
129,2414,"sold",2022-06-09 02:40:51,2024-06-28 09:28:48,2
130,2417,"rent",2022-06-09 02:41:31,2024-06-24 04:10:12,2
131,2421,"additional_rent",2022-06-09 02:45:10,2024-06-28 09:28:39,2
132,2422,"sold",2022-06-09 02:45:30,2024-06-28 09:28:44,2
133,2425,"sold",2022-06-09 02:46:10,2024-06-28 09:28:54,2
134,2426,"sold",2022-06-09 02:47:19,2024-04-16 03:59:41,2
135,2439,"sold",2022-06-09 02:55:12,2023-09-12 18:18:30,2
136,2440,"sold",2022-06-09 02:55:38,2024-06-28 09:28:13,2
137,2441,"rent",2022-06-09 02:56:57,2024-06-28 09:29:03,2
138,2446,"rent",2022-06-09 02:58:09,2024-06-28 09:28:49,2
139,2447,"additional_rent",2022-06-09 02:58:45,2024-06-28 09:28:13,2
140,2451,"sold",2022-06-09 02:59:21,2024-06-28 09:29:03,2
141,2453,"swap_station",2022-06-09 03:00:05,2024-06-28 09:28:57,2
142,2454,"swap_station",2022-06-09 03:01:27,2024-06-28 09:28:40,2
143,2455,"rent",2022-06-09 03:01:34,2024-06-28 09:29:00,2
144,2461,"swap_station",2022-06-09 03:03:44,2024-06-28 09:28:19,2
145,2464,"sold",2022-06-09 03:05:52,2024-06-28 09:28:39,2
146,2471,"rent",2022-06-09 03:07:21,2024-06-25 07:35:47,2
147,2473,"rent",2022-06-09 03:08:19,2024-06-28 09:28:56,2
148,2474,"additional_rent",2022-06-09 03:08:34,2024-05-05 16:57:38,2
149,2479,"rent",2022-06-09 03:10:47,2024-06-28 09:28:29,2
150,2483,"lent",2022-06-09 03:11:34,2023-08-30 16:50:58,2
151,2485,"rent",2022-06-09 03:11:59,2024-06-28 09:28:31,2
152,2492,"sold",2022-06-09 03:16:14,2024-06-28 09:28:16,2
153,2493,"rent",2022-06-09 03:16:33,2024-06-28 09:28:30,2
154,2496,"rent",2022-06-09 03:17:21,2024-04-07 09:51:35,2
155,2498,"sold",2022-06-09 03:18:59,2024-06-28 09:28:42,2
156,2500,"sold",2022-06-09 06:32:06,2024-06-28 09:29:02,2
157,2504,"sold",2022-06-09 06:33:44,2024-06-26 01:00:51,2
158,2506,"rent",2022-06-09 06:35:42,2024-06-28 09:29:03,2
159,2509,"rent",2022-06-09 06:36:55,2024-06-28 09:28:49,2
160,2510,"sold",2022-06-09 06:38:26,2024-06-28 09:28:55,2
161,2512,"additional_rent",2022-06-09 06:39:22,2024-06-28 09:29:05,2
162,2513,"sold",2022-06-09 06:40:46,2024-06-28 09:28:27,2
163,2514,"rent",2022-06-09 06:41:04,2024-06-28 09:24:04,2
164,2515,"sold",2022-06-09 06:41:26,2024-06-28 09:25:00,2
165,2516,"swap_station",2022-06-09 06:41:56,2024-06-28 09:28:43,2
166,2518,"sold",2022-06-09 06:45:35,2024-06-28 09:28:42,2
167,2519,"sold",2022-06-09 06:45:59,2024-06-28 09:28:57,2
168,2520,"sold",2022-06-09 06:46:27,2024-06-28 09:28:14,2
169,2526,"swap_station",2022-06-09 06:49:12,2024-05-22 23:05:48,2
170,2528,"sold",2022-06-09 06:49:51,2024-06-28 09:28:40,2
171,2530,"rent",2022-06-09 06:50:28,2024-06-28 09:28:47,2
172,2531,"sold",2022-06-09 06:51:10,2024-06-28 09:28:40,2
173,2534,"additional_rent",2022-06-09 06:52:39,2024-06-28 09:28:20,2
174,2536,"sold",2022-06-09 06:55:58,2024-06-28 09:25:50,2
175,2537,"sold",2022-06-09 06:56:17,2024-06-28 09:28:56,2
176,2538,"rent",2022-06-09 06:56:29,2024-06-28 09:29:05,2
177,2539,"sold",2022-06-09 06:56:49,2024-06-28 09:28:22,2
178,2540,"sold",2022-06-09 06:57:59,2024-06-28 09:29:04,2
179,2541,"swap_station",2022-06-09 06:58:19,2024-06-28 09:28:40,2
180,2545,"rent",2022-06-09 07:00:21,2024-06-28 09:29:02,2
181,2546,"rent",2022-06-09 07:00:37,2024-03-16 14:15:56,2
182,2548,"rent",2022-06-09 07:01:58,2024-06-28 09:28:57,2
183,2549,"rent",2022-06-09 07:02:20,2024-06-28 09:28:19,2
184,2550,"swap_station",2022-06-09 07:03:04,2024-06-28 09:28:18,2
185,2558,"sold",2022-06-09 10:01:21,2024-06-28 09:28:59,2
186,2560,"sold",2022-06-09 10:06:38,2024-06-28 09:28:52,2
187,2561,"sold",2022-06-09 10:07:05,2024-06-28 09:28:23,2
188,2563,"lent",2022-06-09 10:07:32,2024-06-28 09:28:09,2
189,2565,"sold",2022-06-09 10:07:50,2024-06-28 09:28:19,2
190,2569,"sold",2022-06-09 10:08:49,2024-06-28 09:28:25,2
191,2575,"lent",2022-06-09 10:10:03,2024-06-28 09:29:05,2
192,2576,"rent",2022-06-09 10:10:21,2024-06-28 09:28:18,2
193,2579,"sold",2022-06-09 10:13:51,2024-06-28 09:28:13,2
194,2581,"sold",2022-06-09 10:14:21,2024-06-28 09:29:05,2
195,2585,"sold",2022-06-09 10:15:15,2024-06-28 09:28:21,2
196,2586,"sold",2022-06-09 10:15:41,2024-06-28 09:28:51,2
197,2587,"sold",2022-06-09 10:15:51,2024-06-27 18:19:37,2
198,2588,"sold",2022-06-09 10:16:02,2024-06-28 09:28:34,2
199,2592,"sold",2022-06-09 10:17:02,2024-06-28 09:28:12,2
200,2595,"sold",2022-06-09 10:17:38,2024-06-28 09:28:58,2
201,2598,"sold",2022-06-09 10:18:32,2024-06-28 09:28:53,2
202,2599,"sold",2022-06-09 10:19:23,2024-06-28 09:28:21,2
203,2600,"sold",2022-06-09 10:19:33,2024-06-28 09:28:59,2
204,2601,"sold",2022-06-09 10:19:46,2024-06-28 09:28:55,2
205,2606,"sold",2022-06-09 10:23:04,2024-06-28 09:28:40,2
206,2614,"rent",2022-06-09 10:29:21,2024-06-28 09:29:01,2
207,2616,"sold",2022-06-09 13:15:51,2024-06-28 09:28:43,2
208,2622,"rent",2022-06-10 01:02:27,2024-06-28 09:28:40,2
209,2624,"swap_station",2022-06-10 01:02:59,2024-06-28 09:28:54,2
210,2625,"rent",2022-06-10 01:03:25,2024-06-28 09:28:31,2
211,2627,"sold",2022-06-10 01:03:55,2024-06-28 09:28:36,2
212,2631,"sold",2022-06-10 01:04:30,2023-03-01 21:17:19,2
213,2634,"swap_station",2022-06-10 01:05:18,2024-04-05 08:22:31,2
214,2638,"sold",2022-06-10 01:05:56,2024-06-28 09:28:14,2
215,2640,"swap_station",2022-06-10 01:06:51,2024-05-15 13:50:00,2
216,2643,"sold",2022-06-10 01:16:43,2024-06-28 09:29:03,2
217,2647,"sold",2022-06-10 01:21:37,2024-06-28 09:29:00,2
218,2648,"rent",2022-06-10 01:21:43,2024-01-09 12:59:21,2
219,2649,"rent",2022-06-10 01:21:49,2024-06-28 09:28:14,2
220,2652,"sold",2022-06-10 01:23:51,2024-06-28 09:28:52,2
221,2653,"rent",2022-06-10 01:24:00,2024-06-28 09:28:53,2
222,2655,"sold",2022-06-10 01:25:13,2024-06-28 09:28:42,2
223,2660,"sold",2022-06-10 01:31:28,2024-06-28 09:28:26,2
224,2667,"sold",2022-06-10 02:34:42,2024-06-28 09:28:43,2
225,2669,"sold",2022-06-10 02:35:35,2024-06-28 09:28:45,2
226,2675,"rent",2022-06-10 02:37:54,2024-06-28 09:28:49,2
227,2677,"sold",2022-06-10 02:38:48,2024-06-28 09:28:27,2
228,2679,"rent",2022-06-10 02:39:24,2024-06-28 09:28:25,2
229,2686,"sold",2022-06-10 02:41:28,2024-06-28 09:28:08,2
230,2687,"swap_station",2022-06-10 02:41:40,2024-06-28 09:29:02,2
231,2689,"sold",2022-06-10 02:42:09,2024-06-28 09:28:13,2
232,2692,"rent",2022-06-10 02:42:43,2024-06-28 09:28:40,2
233,2697,"lent",2022-06-10 03:34:52,2024-06-28 09:28:21,2
234,2698,"rent",2022-06-10 03:36:11,2024-06-28 09:28:59,2
235,2699,"rent",2022-06-10 03:36:21,2024-06-28 09:29:00,2
236,2700,"sold",2022-06-10 03:36:42,2024-06-28 09:28:40,2
237,2701,"rent",2022-06-10 03:36:59,2024-06-28 09:28:22,2
238,2702,"rent",2022-06-10 03:37:10,2024-06-28 09:29:01,2
239,2704,"sold",2022-06-10 03:37:46,2024-06-28 09:28:50,2
240,2705,"sold",2022-06-10 03:37:54,2024-06-28 09:29:04,2
241,2707,"swap_station",2022-06-10 03:38:48,2024-06-28 09:28:54,2
242,2711,"sold",2022-06-10 03:40:02,2024-05-18 11:07:32,2
243,2712,"sold",2022-06-10 03:40:12,2024-06-28 09:28:40,2
244,2714,"sold",2022-06-10 03:40:34,2024-06-28 09:28:12,2
245,2720,"sold",2022-06-10 03:43:24,2024-06-28 09:29:02,2
246,2722,"rent",2022-06-10 03:46:24,2024-06-28 09:28:41,2
247,2723,"sold",2022-06-10 03:46:39,2024-06-28 09:28:58,2
248,2725,"sold",2022-06-10 03:47:00,2023-12-19 05:01:59,2
249,2727,"lent",2022-06-10 03:47:17,2024-06-28 09:28:23,2
250,2728,"lent",2022-06-10 03:47:27,2024-06-28 09:28:15,2
251,2729,"rent",2022-06-10 03:47:38,2024-06-28 09:28:56,2
252,2730,"sold",2022-06-10 03:47:46,2024-06-28 09:28:17,2
253,2731,"rent",2022-06-10 03:47:56,2024-05-03 08:09:39,2
254,2732,"sold",2022-06-10 03:48:12,2024-06-28 09:28:20,2
255,2734,"lent",2022-06-10 03:48:28,2024-04-04 04:39:31,2
256,2736,"lent",2022-06-10 03:49:57,2024-06-28 09:28:38,2
257,2737,"sold",2022-06-10 03:50:12,2024-06-28 09:28:23,2
258,2738,"sold",2022-06-10 03:51:57,2024-06-28 09:28:41,2
259,2741,"sold",2022-06-10 03:52:25,2024-06-28 09:28:58,2
260,2742,"sold",2022-06-10 03:52:33,2024-06-28 09:29:00,2
261,2744,"additional_rent",2022-06-10 03:52:47,2024-06-28 05:40:23,2
262,2745,"sold",2022-06-10 03:52:58,2024-06-28 09:28:40,2
263,2746,"sold",2022-06-10 03:53:04,2024-06-28 09:28:12,2
264,2747,"sold",2022-06-10 03:53:23,2023-03-06 21:54:57,2
265,2748,"rent",2022-06-10 03:53:39,2024-06-28 09:28:55,2
266,2749,"rent",2022-06-10 03:53:53,2024-06-28 09:28:41,2
267,2750,"sold",2022-06-10 03:54:07,2024-04-27 04:21:47,2
268,2752,"rent",2022-06-10 03:54:18,2024-06-28 09:28:54,2
269,2754,"lent",2022-06-10 03:57:51,2024-06-28 09:28:57,2
270,2756,"rent",2022-06-10 05:08:42,2024-04-24 01:26:23,2
271,2758,"rent",2022-06-10 05:09:04,2024-06-28 09:28:23,2
272,2759,"rent",2022-06-10 05:09:26,2024-06-28 09:28:40,2
273,2760,"sold",2022-06-10 05:09:34,2024-06-28 09:29:01,2
274,2764,"rent",2022-06-10 05:10:18,2024-06-28 09:28:34,2
275,2765,"sold",2022-06-10 05:10:40,2024-06-28 09:28:17,2
276,2768,"sold",2022-06-10 05:11:31,2024-06-28 09:29:03,2
277,2770,"sold",2022-06-10 05:13:10,2024-06-28 09:28:07,2
278,2772,"rent",2022-06-10 05:14:31,2024-03-01 02:43:37,2
279,2775,"sold",2022-06-10 05:15:25,2024-06-28 09:28:27,2
280,2778,"sold",2022-06-10 05:16:00,2024-06-28 09:28:43,2
281,2779,"sold",2022-06-10 05:16:10,2024-06-28 09:28:37,2
282,2781,"swap_station",2022-06-10 05:16:31,2024-03-10 10:43:14,2
283,2783,"sold",2022-06-10 05:17:47,2024-06-11 11:44:06,2
284,2785,"rent",2022-06-10 05:18:04,2024-06-28 09:28:35,2
285,2786,"sold",2022-06-10 05:18:20,2024-06-28 09:29:02,2
286,2788,"rent",2022-06-10 05:20:00,2024-06-28 09:28:15,2
287,2789,"sold",2022-06-10 05:20:10,2024-06-28 09:28:30,2
288,2790,"sold",2022-06-10 05:20:21,2024-06-28 09:28:21,2
289,2791,"rent",2022-06-10 05:20:37,2024-06-28 09:28:13,2
290,2795,"rent",2022-06-10 05:21:50,2024-06-28 09:29:02,2
291,2797,"sold",2022-06-10 05:22:12,2024-06-28 09:28:40,2
292,2801,"swap_station",2022-06-10 05:30:25,2024-05-29 10:23:55,2
293,2803,"sold",2022-06-10 05:30:45,2024-06-28 09:28:49,2
294,2805,"additional_rent",2022-06-10 05:31:19,2024-06-28 09:28:52,2
295,2810,"rent",2022-06-10 05:32:56,2024-06-28 09:28:12,2
296,2813,"sold",2022-06-10 05:33:27,2024-06-28 09:28:09,2
297,2815,"sold",2022-06-10 05:39:07,2024-06-28 09:28:23,2
298,2822,"sold",2022-06-10 06:30:48,2023-10-12 03:41:20,2
299,2826,"sold",2022-06-10 06:32:01,2024-06-28 09:28:39,2
300,2827,"sold",2022-06-10 06:32:15,2024-06-28 09:28:37,2
301,2829,"sold",2022-06-10 06:32:34,2024-06-28 08:43:59,2
302,2839,"sold",2022-06-10 06:38:53,2023-10-12 11:55:58,2
303,2841,"sold",2022-06-10 06:39:09,2024-06-28 09:28:56,2
304,2846,"sold",2022-06-10 06:40:23,2024-06-28 09:28:57,2
305,2849,"sold",2022-06-10 06:41:11,2024-01-25 04:03:20,2
306,2851,"sold",2022-06-10 06:45:38,2024-06-28 09:28:59,2
307,2863,"sold",2022-06-10 06:47:38,2024-06-28 09:28:43,2
308,2868,"rent",2022-06-10 06:48:36,2024-06-28 09:29:04,2
309,2872,"lent",2022-06-10 06:49:23,2023-08-19 01:05:53,2
310,2873,"lent",2022-06-10 06:49:33,2024-06-28 09:28:42,2
311,2883,"sold",2022-06-10 09:39:37,2024-06-28 09:28:54,2
312,2885,"sold",2022-06-10 09:40:11,2024-06-28 09:28:39,2
313,2889,"rent",2022-06-10 09:42:27,2024-06-28 09:28:20,2
314,2890,"sold",2022-06-10 09:42:53,2024-06-28 09:29:03,2
315,2891,"sold",2022-06-10 09:43:16,2024-06-28 09:28:54,2
316,2892,"rent",2022-06-10 09:43:25,2024-06-28 09:29:06,2
317,2893,"swap_station",2022-06-10 09:43:38,2024-06-28 09:28:19,2
318,2894,"sold",2022-06-10 09:44:16,2024-06-28 09:29:01,2
319,2895,"sold",2022-06-11 02:21:30,2024-06-27 12:45:05,2
320,2905,"sold",2022-06-12 09:18:02,2024-06-28 09:28:56,2
321,2918,"sold",2022-06-14 04:16:33,2024-06-28 09:28:22,2
322,2931,"sold",2022-06-14 09:37:14,2024-06-28 09:29:01,2
323,2934,"sold",2022-06-14 09:38:08,2024-06-28 09:28:24,2
324,2941,"sold",2022-06-14 09:39:59,2024-06-28 09:28:56,2
325,2962,"sold",2022-06-14 09:53:18,2024-06-28 09:28:43,2
326,2968,"sold",2022-06-14 09:56:37,2024-06-28 09:28:39,2
327,2982,"sold",2022-06-14 10:30:15,2024-02-27 09:34:19,2
328,2983,"sold",2022-06-14 10:31:10,2024-06-28 09:28:24,2
329,2993,"sold",2022-06-14 10:33:17,2024-06-28 09:28:16,2
330,2997,"sold",2022-06-14 10:34:06,2024-06-28 09:28:58,2
331,3007,"sold",2022-06-14 10:35:40,2024-06-28 09:28:22,2
332,3012,"sold",2022-06-14 11:29:09,2024-06-28 09:28:19,2
333,3020,"sold",2022-06-14 11:56:08,2024-06-27 10:41:44,2
334,3022,"sold",2022-06-14 12:19:51,2024-06-28 09:28:18,2
335,3250,"rent",2022-09-18 08:48:05,2024-06-28 09:28:13,2
336,3252,"rent",2022-09-18 13:06:08,2024-06-28 09:28:17,2
337,3271,"rent",2022-09-24 07:09:27,2024-06-28 09:29:01,2
338,3279,"sold",2022-09-24 07:14:36,2024-06-28 06:26:16,2
339,3281,"sold",2022-09-24 07:14:54,2024-06-28 09:28:32,2
340,3285,"rent",2022-09-24 07:16:38,2024-06-28 09:28:19,2
341,3288,"swap_station",2022-09-24 07:18:18,2024-05-25 00:01:32,2
342,3292,"rent",2022-09-24 07:19:57,2024-06-28 02:11:40,2
343,3294,"sold",2022-09-24 07:22:03,2024-06-28 09:28:10,2
344,3300,"rent",2022-09-24 07:24:05,2024-06-28 09:29:01,2
345,3301,"sold",2022-09-24 07:24:16,2024-06-28 09:28:32,2
346,3302,"additional_rent",2022-09-24 07:24:21,2024-06-28 09:28:47,2
347,3313,"sold",2022-09-24 07:29:28,2024-06-28 09:28:11,2
348,3320,"sold",2022-09-24 07:32:53,2024-06-28 09:28:21,2
349,3322,"sold",2022-09-24 07:34:15,2024-06-27 03:31:53,2
350,3325,"sold",2022-09-24 07:35:51,2024-06-28 09:28:45,2
351,3328,"additional_rent",2022-09-24 07:37:02,2024-06-28 09:28:13,2
352,3331,"additional_rent",2022-09-24 07:39:54,2024-06-27 20:09:10,2
353,3332,"sold",2022-09-24 07:40:11,2024-06-28 09:28:12,2
354,3333,"rent",2022-09-24 07:40:13,2024-06-28 09:28:28,2
355,3334,"sold",2022-09-24 07:40:37,2024-06-28 09:27:49,2
356,3337,"sold",2022-09-24 07:43:03,2024-06-28 02:51:28,2
357,3338,"rent",2022-09-24 07:43:06,2024-06-27 14:40:28,2
358,3340,"rent",2022-09-24 07:44:51,2024-06-28 09:28:34,2
359,3341,"rent",2022-09-24 07:45:09,2024-06-28 09:28:32,2
360,3342,"sold",2022-09-24 07:45:11,2024-06-25 10:17:33,2
361,3348,"rent",2022-09-24 07:48:26,2024-06-28 09:28:47,2
362,3355,"sold",2022-09-24 07:51:09,2024-06-26 06:31:32,2
363,3357,"sold",2022-09-24 07:52:52,2024-06-28 09:28:20,2
364,3359,"rent",2022-09-24 07:54:03,2024-06-28 09:28:54,2
365,3364,"sold",2022-09-24 07:56:14,2024-06-28 09:28:59,2
366,3365,"sold",2022-09-24 07:56:46,2024-06-27 13:09:57,2
367,3369,"sold",2022-09-24 07:58:18,2024-06-28 09:28:44,2
368,3370,"rent",2022-09-24 07:58:19,2024-06-28 09:28:27,2
369,3373,"rent",2022-09-24 07:59:11,2024-06-28 09:28:51,2
370,3375,"sold",2022-09-24 08:01:45,2024-06-28 09:28:28,2
371,3384,"sold",2022-09-24 08:08:23,2024-06-28 09:28:25,2
372,3385,"rent",2022-09-24 08:08:25,2023-05-13 06:15:09,2
373,3389,"rent",2022-09-24 08:10:04,2024-06-28 09:28:24,2
374,3392,"sold",2022-09-24 08:10:42,2024-06-28 09:28:12,2
375,3395,"sold",2022-09-24 08:14:10,2023-12-24 14:23:47,2
376,3397,"rent",2022-09-24 08:20:20,2024-06-28 09:28:34,2
377,3406,"swap_station",2022-09-24 08:21:33,2024-06-28 09:28:29,2
378,3408,"sold",2022-09-24 08:23:23,2024-06-28 09:28:11,2
379,3410,"sold",2022-09-24 08:23:40,2024-06-28 09:28:48,2
380,3413,"rent",2022-09-24 08:24:24,2024-06-28 09:29:04,2
381,3415,"sold",2022-09-24 08:24:31,2024-06-28 09:29:00,2
382,3416,"rent",2022-09-24 08:24:32,2024-06-28 09:28:49,2
383,3418,"sold",2022-09-24 08:24:45,2024-04-12 04:42:24,2
384,3419,"sold",2022-09-24 08:24:49,2024-06-28 09:28:44,2
385,3422,"rent",2022-09-24 08:27:31,2024-06-28 09:28:12,2
386,3423,"sold",2022-09-24 08:29:11,2024-06-28 09:28:44,2
387,3424,"sold",2022-09-24 08:29:19,2024-06-28 01:52:49,2
388,3426,"rent",2022-09-24 08:29:49,2024-06-28 09:28:23,2
389,3429,"sold",2022-09-24 08:31:29,2024-06-28 09:28:12,2
390,3430,"rent",2022-09-24 08:32:38,2024-06-28 09:28:46,2
391,3431,"rent",2022-09-24 08:35:00,2024-06-28 09:28:39,2
392,3435,"sold",2022-09-24 08:36:09,2023-07-31 06:24:23,2
393,3446,"additional_rent",2022-09-24 08:40:22,2024-06-28 09:28:49,2
394,3447,"rent",2022-09-24 08:40:34,2024-06-28 09:28:22,2
395,3448,"sold",2022-09-24 08:40:45,2024-06-28 09:28:43,2
396,3456,"rent",2022-09-24 08:45:25,2024-06-28 09:28:48,2
397,3457,"sold",2022-09-24 08:46:02,2024-06-28 03:16:32,2
398,3459,"sold",2022-09-24 08:46:20,2023-03-15 01:47:09,2
399,3460,"swap_station",2022-09-24 08:46:33,2024-06-28 09:29:02,2
400,3461,"sold",2022-09-24 08:46:44,2024-06-28 09:28:30,2
401,3464,"sold",2022-09-24 08:50:46,2024-06-28 09:28:28,2
402,3466,"rent",2022-09-24 08:51:37,2024-06-28 09:28:43,2
403,3467,"rent",2022-09-24 08:51:45,2024-06-28 09:28:10,2
404,3468,"sold",2022-09-24 08:52:03,2024-06-28 09:28:34,2
405,3470,"rent",2022-09-24 08:52:40,2024-06-28 09:28:31,2
406,3471,"sold",2022-09-24 08:52:46,2024-02-07 22:48:18,2
407,3472,"sold",2022-09-24 08:53:15,2024-06-28 09:28:12,2
408,3475,"sold",2022-09-24 08:54:13,2024-06-28 09:28:30,2
409,3476,"sold",2022-09-24 08:58:02,2024-06-28 09:26:16,2
410,3477,"swap_station",2022-09-24 08:58:16,2024-06-28 09:28:43,2
411,3482,"rent",2022-09-24 09:01:50,2024-06-28 09:28:52,2
412,3487,"sold",2022-09-24 09:03:19,2024-06-28 09:28:28,2
413,3488,"sold",2022-09-24 09:04:34,2024-06-18 10:48:21,2
414,3489,"sold",2022-09-24 09:05:16,2024-06-28 09:28:28,2
415,3490,"sold",2022-09-24 09:05:27,2024-06-28 09:28:53,2
416,3493,"sold",2022-09-24 09:06:11,2024-04-07 23:26:18,2
417,3496,"rent",2022-09-24 09:07:14,2024-06-28 09:28:54,2
418,3498,"sold",2022-09-24 09:08:54,2024-06-28 09:28:09,2
419,3501,"sold",2022-09-24 09:09:39,2024-06-28 09:28:57,2
420,3503,"sold",2022-09-24 09:10:06,2024-06-28 09:28:51,2
421,3504,"rent",2022-09-24 09:10:23,2024-06-28 08:31:27,2
422,3505,"sold",2022-09-24 09:11:37,2023-03-02 02:58:28,2
423,3507,"sold",2022-09-24 09:12:32,2024-06-28 09:28:20,2
424,3510,"rent",2022-09-24 09:15:46,2024-06-27 13:39:12,2
425,3512,"sold",2022-09-24 09:15:53,2024-06-28 09:28:26,2
426,3513,"rent",2022-09-24 09:15:54,2024-06-28 09:28:25,2
427,3520,"sold",2022-09-24 09:18:11,2024-06-28 09:28:13,2
428,3524,"lent",2022-09-24 09:20:15,2024-06-28 09:28:58,2
429,3525,"sold",2022-09-24 09:20:31,2024-06-28 07:45:38,2
430,3529,"sold",2022-09-24 09:22:23,2024-06-28 09:28:11,2
431,3535,"sold",2022-09-24 09:24:31,2024-06-28 09:28:24,2
432,3537,"lent",2022-09-24 09:25:31,2024-06-28 09:28:23,2
433,3543,"sold",2022-09-24 09:26:49,2024-06-28 09:28:26,2
434,3544,"sold",2022-09-24 09:26:59,2024-02-01 19:42:21,2
435,3550,"lent",2022-09-24 09:28:09,2024-06-28 09:28:28,2
436,3551,"sold",2022-09-24 09:28:11,2023-04-12 11:00:37,2
437,3553,"rent",2022-09-24 09:32:10,2024-06-28 09:28:33,2
438,3556,"sold",2022-09-24 09:33:44,2024-06-28 09:28:14,2
439,3558,"sold",2022-09-24 09:34:21,2024-06-28 09:28:14,2
440,3559,"sold",2022-09-24 09:34:24,2024-06-28 09:28:11,2
441,3561,"sold",2022-09-24 09:34:55,2024-06-28 03:43:00,2
442,3567,"rent",2022-09-24 09:35:44,2024-06-28 09:28:34,2
443,3571,"sold",2022-09-24 09:38:14,2024-06-28 09:29:06,2
444,3572,"rent",2022-09-24 09:38:27,2024-06-28 09:28:46,2
445,3575,"rent",2022-09-24 09:38:54,2024-06-28 09:28:50,2
446,3579,"rent",2022-09-24 09:41:28,2024-02-29 23:59:35,2
447,3581,"sold",2022-09-24 09:42:09,2024-06-28 08:57:55,2
448,3583,"rent",2022-09-24 09:42:22,2024-06-27 15:31:19,2
449,3586,"sold",2022-09-24 09:43:54,2024-06-28 09:28:25,2
450,3588,"swap_station",2022-09-24 09:45:07,2023-12-05 01:35:51,2
451,3589,"lent",2022-09-24 09:45:17,2024-06-19 11:06:35,2
452,3592,"sold",2022-09-24 09:45:55,2024-06-28 09:28:30,2
453,3596,"sold",2022-09-24 09:46:34,2024-06-28 09:28:49,2
454,3598,"rent",2022-09-24 09:48:07,2024-06-28 09:28:30,2
455,3599,"additional_rent",2022-09-24 09:48:15,2024-06-28 09:28:50,2
456,3601,"swap_station",2022-09-24 09:48:33,2024-02-01 11:53:33,2
457,3609,"rent",2022-09-24 09:52:05,2024-06-28 09:28:20,2
458,3619,"sold",2022-09-24 09:57:23,2023-05-09 05:09:12,2
459,3622,"sold",2022-09-24 10:05:34,2024-06-27 14:52:17,2
460,3623,"rent",2022-09-24 10:07:52,2024-06-28 09:28:26,2
461,3624,"sold",2022-09-24 10:08:09,2024-06-28 09:28:10,2
462,3626,"sold",2022-09-24 10:09:03,2024-06-28 09:28:24,2
463,3629,"sold",2022-09-24 10:09:37,2024-02-15 11:58:43,2
464,3630,"lent",2022-09-24 10:09:41,2024-06-28 09:28:13,2
465,3633,"rent",2022-09-24 10:10:48,2024-06-28 09:29:05,2
466,3635,"swap_station",2022-09-24 10:11:29,2024-06-28 09:29:04,2
467,3637,"sold",2022-09-24 10:12:07,2024-06-28 09:28:24,2
468,3639,"sold",2022-09-24 10:13:16,2024-06-28 09:28:17,2
469,3640,"sold",2022-09-24 10:13:18,2024-06-28 09:28:11,2
470,3644,"rent",2022-09-24 10:17:50,2024-05-08 22:15:29,2
471,3645,"rent",2022-09-24 10:18:06,2024-06-28 09:04:47,2
472,3646,"rent",2022-09-24 10:18:28,2024-06-28 09:28:29,2
473,3647,"sold",2022-09-24 10:18:31,2024-06-28 09:28:48,2
474,3648,"sold",2022-09-24 10:21:47,2024-06-28 09:28:13,2
475,3649,"sold",2022-09-24 10:26:47,2024-06-28 09:28:25,2
476,3652,"sold",2022-09-24 10:28:03,2024-06-28 09:28:26,2
477,3659,"sold",2022-09-24 10:34:48,2024-06-28 09:28:23,2
478,3662,"sold",2022-09-24 10:39:07,2024-06-28 09:28:58,2
479,3665,"sold",2022-09-24 10:40:06,2024-06-28 09:28:59,2
480,3666,"rent",2022-09-24 10:40:07,2024-06-28 09:28:26,2
481,3667,"rent",2022-09-24 10:40:30,2024-06-28 09:29:06,2
482,3669,"rent",2022-09-24 10:41:23,2024-06-28 09:28:53,2
483,3674,"rent",2022-09-24 11:07:30,2024-06-28 09:28:54,2
484,3680,"sold",2022-09-24 11:08:37,2024-06-28 01:58:15,2
485,3681,"sold",2022-09-24 11:08:48,2024-06-10 05:22:48,2
486,3684,"sold",2022-09-24 11:09:18,2024-06-28 09:28:23,2
487,3687,"sold",2022-09-24 11:09:25,2024-06-28 09:29:06,2
488,3688,"swap_station",2022-09-24 11:09:38,2024-06-28 09:28:14,2
489,3690,"sold",2022-09-24 11:09:49,2024-06-28 09:28:30,2
490,3691,"sold",2022-09-24 11:10:01,2024-06-28 09:28:25,2
491,3693,"sold",2022-09-24 11:10:16,2024-06-28 09:28:44,2
492,3694,"rent",2022-09-24 11:10:27,2024-06-23 00:57:20,2
493,3698,"sold",2022-09-24 11:10:47,2024-06-28 02:41:32,2
494,3700,"sold",2022-09-24 11:11:05,2024-06-28 09:28:57,2
495,3703,"sold",2022-09-24 11:29:26,2024-06-28 09:28:16,2
496,3705,"sold",2022-09-24 11:29:32,2024-06-28 09:28:51,2
497,3708,"sold",2022-09-24 11:29:59,2024-06-28 09:28:46,2
498,3710,"rent",2022-09-24 11:30:49,2024-06-28 09:28:51,2
499,3712,"sold",2022-09-24 11:31:35,2024-06-28 09:28:24,2
500,3717,"sold",2022-09-24 11:32:23,2024-06-28 09:28:14,2
501,3719,"sold",2022-09-24 11:33:16,2024-06-28 09:28:41,2
502,3720,"swap_station",2022-09-24 11:41:31,2024-06-28 09:28:45,2
503,3722,"sold",2022-09-24 11:41:51,2023-07-25 23:09:16,2
504,3725,"rent",2022-09-24 11:42:14,2024-06-28 09:28:39,2
505,3727,"lent",2022-09-24 11:42:32,2024-06-09 20:20:02,2
506,3731,"swap_station",2022-09-24 11:43:07,2023-03-16 14:56:28,2
507,3733,"rent",2022-09-24 11:43:25,2024-06-28 09:29:01,2
508,3734,"sold",2022-09-24 11:43:48,2024-06-28 09:28:30,2
509,3736,"sold",2022-09-24 11:44:10,2024-06-28 09:28:47,2
510,3738,"sold",2022-09-24 11:45:20,2023-11-27 02:41:38,2
511,3739,"rent",2022-09-24 11:45:42,2024-06-28 09:28:50,2
512,3742,"sold",2022-09-24 11:46:34,2024-06-19 01:42:25,2
513,3745,"rent",2022-09-24 11:48:26,2024-06-28 09:28:59,2
514,3746,"lent",2022-09-24 11:55:12,2024-01-27 03:42:38,2
515,3747,"sold",2022-09-24 11:55:14,2024-06-28 09:28:16,2
516,3750,"rent",2022-09-24 11:56:13,2024-06-28 09:28:18,2
517,3751,"swap_station",2022-09-24 11:56:33,2024-01-15 03:00:26,2
518,3752,"sold",2022-09-24 11:57:12,2024-06-28 09:28:13,2
519,3753,"rent",2022-09-24 11:57:18,2024-06-11 12:47:50,2
520,3757,"sold",2022-09-24 11:58:17,2024-01-17 05:53:45,2
521,3761,"rent",2022-09-24 11:59:48,2024-06-28 09:28:54,2
522,3762,"rent",2022-09-24 12:00:05,2024-06-28 09:28:27,2
523,3766,"sold",2022-09-24 12:02:36,2024-06-28 09:28:46,2
524,3768,"sold",2022-09-24 12:04:11,2024-06-28 09:28:42,2
525,3769,"sold",2022-09-24 12:04:24,2024-06-28 09:28:31,2
526,3772,"rent",2022-09-24 12:05:27,2024-04-08 14:22:10,2
527,3773,"rent",2022-09-24 12:06:10,2024-06-28 09:28:50,2
528,3776,"sold",2022-09-24 12:07:39,2024-06-28 09:28:15,2
529,3779,"rent",2022-09-24 12:08:24,2024-06-28 09:28:15,2
530,3781,"sold",2022-09-24 12:08:49,2024-06-28 09:28:13,2
531,3783,"sold",2022-09-24 12:09:48,2022-09-24 12:14:04,2
532,3785,"rent",2022-09-24 12:10:05,2024-06-28 09:28:56,2
533,3787,"sold",2022-09-24 12:10:59,2023-05-09 01:34:06,2
534,3790,"swap_station",2022-09-24 12:13:58,2024-06-28 09:29:05,2
535,3791,"rent",2022-09-24 12:16:43,2024-06-28 09:28:27,2
536,3794,"rent",2022-09-24 12:18:15,2024-06-28 09:28:32,2
537,3796,"sold",2022-09-24 12:19:05,2024-06-28 09:28:17,2
538,3799,"sold",2022-09-24 12:19:33,2024-06-28 09:29:02,2
539,3801,"sold",2022-09-24 12:19:57,2024-06-28 09:28:24,2
540,3802,"sold",2022-09-24 12:20:00,2024-06-28 09:28:25,2
541,3804,"rent",2022-09-24 12:23:01,2024-06-28 09:28:47,2
542,3806,"sold",2022-09-24 12:24:37,2024-06-28 09:28:30,2
543,3812,"rent",2022-09-24 12:28:30,2024-06-28 09:28:54,2
544,3813,"sold",2022-09-24 12:32:14,2024-06-28 09:28:50,2
545,3817,"rent",2022-09-24 12:36:44,2024-05-30 01:17:01,2
546,3818,"rent",2022-09-24 12:36:48,2024-06-28 09:28:29,2
547,3822,"rent",2022-09-24 12:38:07,2024-06-28 09:29:04,2
548,3823,"rent",2022-09-24 12:38:42,2024-06-28 09:29:04,2
549,3824,"sold",2022-09-24 12:39:00,2024-06-28 09:28:54,2
550,3828,"swap_station",2022-09-24 12:42:01,2024-06-28 09:27:49,2
551,3829,"sold",2022-09-24 12:42:10,2023-11-25 05:19:35,2
552,3830,"sold",2022-09-24 12:43:26,2024-06-28 09:28:16,2
553,3832,"rent",2022-09-24 12:43:52,2024-06-28 09:28:30,2
554,3833,"sold",2022-09-24 12:43:53,2024-06-28 09:28:11,2
555,3834,"lent",2022-09-24 12:43:55,2024-06-28 09:28:28,2
556,3835,"sold",2022-09-24 12:44:22,2024-05-10 15:41:56,2
557,3836,"sold",2022-09-24 12:44:35,2024-06-28 09:28:45,2
558,3838,"rent",2022-09-24 12:45:07,2024-06-28 09:28:23,2
559,3841,"sold",2022-09-24 12:49:02,2024-06-28 09:28:25,2
560,3843,"rent",2022-09-24 12:51:45,2024-06-28 08:44:57,2
561,3844,"sold",2022-09-24 12:52:18,2024-06-28 09:28:21,2
562,3845,"rent",2022-09-24 12:52:27,2024-06-28 09:28:12,2
563,3850,"sold",2022-09-24 12:54:23,2024-06-28 09:28:09,2
564,3851,"rent",2022-09-24 12:54:35,2024-05-23 01:55:50,2
565,3852,"lent",2022-09-24 12:55:11,2024-06-28 09:28:27,2
566,3853,"sold",2022-09-24 12:55:12,2024-06-28 09:28:54,2
567,3857,"sold",2022-09-24 12:59:32,2024-06-28 09:28:45,2
568,3862,"rent",2022-09-24 13:00:51,2024-06-27 14:31:20,2
569,3863,"sold",2022-09-24 13:04:15,2024-06-28 09:28:15,2
570,3868,"rent",2022-09-24 13:05:18,2024-06-28 09:28:13,2
571,3871,"sold",2022-09-24 13:06:49,2024-06-28 09:28:38,2
572,3872,"sold",2022-09-24 13:07:14,2024-06-28 09:29:06,2
573,3880,"sold",2022-09-24 13:11:10,2024-06-28 09:28:16,2
574,3883,"rent",2022-09-24 13:17:08,2024-06-27 14:24:49,2
575,3886,"swap_station",2022-09-24 13:26:45,2024-06-12 16:57:39,2
576,3889,"additional_rent",2022-09-24 13:27:38,2024-06-28 09:28:41,2
577,3895,"rent",2022-09-24 13:29:28,2024-06-28 09:28:53,2
578,3899,"rent",2022-09-24 13:29:45,2024-06-28 09:29:02,2
579,3902,"sold",2022-09-24 13:44:43,2022-11-18 03:11:55,2
580,3908,"rent",2022-09-24 13:47:31,2024-06-28 09:28:56,2
581,3911,"lent",2022-09-24 13:47:54,2024-06-28 09:28:11,2
582,3914,"sold",2022-09-24 13:48:13,2024-06-28 09:28:22,2
583,3915,"sold",2022-09-24 13:48:14,2024-06-28 09:28:45,2
584,3918,"sold",2022-09-24 13:49:07,2024-06-28 09:28:46,2
585,3925,"lent",2022-09-24 14:00:49,2024-06-28 09:28:14,2
586,3926,"sold",2022-09-24 14:00:58,2024-06-28 09:28:50,2
587,3928,"rent",2022-09-24 14:01:39,2024-06-28 09:28:56,2
588,3929,"rent",2022-09-24 14:01:43,2024-06-28 09:28:52,2
589,3936,"rent",2022-09-24 14:02:25,2024-06-28 09:28:51,2
590,3937,"rent",2022-09-24 14:02:32,2024-06-28 09:26:24,2
591,3941,"rent",2022-09-24 14:05:05,2024-06-28 09:28:22,2
592,3942,"rent",2022-09-24 14:05:54,2024-06-28 09:28:04,2
593,3943,"sold",2022-09-24 14:06:58,2024-06-28 09:29:01,2
594,3946,"sold",2022-09-24 14:07:06,2024-06-28 09:28:46,2
595,3952,"rent",2022-09-24 14:11:34,2024-06-28 09:28:51,2
596,3955,"sold",2022-09-24 14:12:25,2024-06-28 09:28:15,2
597,3961,"swap_station",2022-09-24 14:16:30,2024-04-11 05:00:23,2
598,3964,"lent",2022-09-24 14:24:56,2023-07-20 09:16:58,2
599,3966,"sold",2022-09-24 14:25:36,2024-06-28 09:28:28,2
600,3967,"sold",2022-09-24 14:26:04,2024-06-28 09:28:30,2
601,3968,"sold",2022-09-24 14:26:05,2024-06-28 09:28:10,2
602,3970,"rent",2022-09-24 14:26:19,2024-06-28 02:11:40,2
603,3971,"sold",2022-09-24 14:26:37,2024-06-28 09:28:48,2
604,3973,"swap_station",2022-09-24 14:26:42,2024-05-17 13:46:39,2
605,3975,"rent",2022-09-24 14:27:19,2024-06-28 09:28:48,2
606,3978,"sold",2022-09-24 14:27:58,2024-06-28 03:19:16,2
607,3981,"sold",2022-09-24 14:28:58,2024-06-28 09:28:24,2
608,3984,"additional_rent",2022-09-24 14:30:15,2024-03-01 06:39:35,2
609,3985,"rent",2022-09-24 14:31:58,2024-06-28 08:06:43,2
610,3986,"sold",2022-09-24 14:33:29,2024-06-28 09:28:14,2
611,3990,"rent",2022-09-24 14:34:18,2024-06-28 09:28:51,2
612,3991,"rent",2022-09-24 14:34:25,2024-06-28 09:28:52,2
613,3994,"sold",2022-09-24 14:35:44,2024-06-28 09:29:02,2
614,3995,"sold",2022-09-24 14:37:37,2024-06-28 09:28:21,2
615,3996,"rent",2022-09-24 14:37:49,2024-06-28 09:28:25,2
616,4001,"rent",2022-09-24 14:46:48,2024-06-28 09:28:50,2
617,4012,"sold",2022-09-26 13:57:10,2023-04-03 11:59:57,2
618,4013,"sold",2022-09-26 14:04:41,2024-06-28 09:28:51,2
619,4014,"sold",2022-09-26 14:12:03,2024-06-28 08:41:34,2
620,4019,"lent",2022-09-27 12:08:05,2024-06-28 09:28:24,2
621,4104,"sold",2022-10-25 14:34:45,2024-06-28 09:28:45,2
622,4108,"sold",2022-10-26 14:09:38,2024-06-28 09:29:06,2
623,4109,"sold",2022-10-26 14:09:56,2024-06-28 09:28:53,2
624,4111,"sold",2022-10-26 14:16:07,2024-06-28 09:28:26,2
625,4116,"sold",2022-10-26 14:31:13,2024-06-28 09:28:24,2
626,4127,"sold",2022-10-26 14:56:24,2024-06-28 09:28:54,2
627,4130,"sold",2022-10-26 14:59:01,2024-06-28 09:28:41,2
628,4138,"rent",2022-10-26 15:10:06,2024-06-28 08:55:00,2
629,4155,"rent",2022-10-26 15:24:10,2024-06-28 09:28:46,2
630,4156,"additional_rent",2022-10-26 15:24:18,2024-06-28 09:29:06,2
631,4161,"rent",2022-10-26 15:28:13,2024-06-28 09:28:31,2
632,4172,"sold",2022-10-26 15:33:55,2024-06-27 20:18:27,2
633,4175,"rent",2022-10-26 15:36:56,2024-06-28 09:28:34,2
634,4181,"sold",2022-10-26 15:40:58,2024-06-28 09:28:24,2
635,4187,"swap_station",2022-10-26 15:46:38,2024-06-28 09:28:50,2
636,4191,"rent",2022-10-26 15:51:16,2024-06-28 09:28:55,2
637,4192,"rent",2022-10-26 15:51:21,2024-06-28 09:28:39,2
638,4204,"sold",2022-10-26 16:04:23,2024-06-28 09:28:27,2
639,4220,"sold",2022-10-26 16:18:02,2024-06-28 09:28:24,2
640,4231,"sold",2022-10-28 15:10:38,2024-06-28 09:28:43,2
641,4236,"rent",2022-10-30 13:42:34,2024-06-28 09:28:45,2
642,4237,"sold",2022-10-30 13:42:47,2024-06-28 09:28:31,2
643,4243,"sold",2022-10-30 13:47:56,2024-06-28 09:28:20,2
644,4244,"sold",2022-10-30 13:47:58,2024-06-28 09:28:37,2
645,4248,"sold",2022-10-30 13:51:45,2024-06-28 09:28:17,2
646,4249,"sold",2022-10-30 13:51:50,2024-06-28 09:28:29,2
647,4250,"sold",2022-10-30 13:52:04,2024-06-28 09:28:10,2
648,4252,"sold",2022-10-30 13:52:45,2024-06-28 09:28:46,2
649,4263,"sold",2022-10-30 14:00:39,2024-06-28 09:28:30,2
650,4265,"sold",2022-10-30 14:04:33,2024-06-28 09:28:29,2
651,4266,"sold",2022-10-30 14:04:44,2024-06-28 09:28:49,2
652,4267,"sold",2022-10-30 14:04:45,2024-06-28 05:25:28,2
653,4273,"sold",2022-10-30 14:09:10,2024-06-28 09:29:03,2
654,4275,"sold",2022-10-30 14:11:58,2024-06-28 09:28:27,2
655,4277,"sold",2022-10-30 14:15:14,2024-06-28 09:28:47,2
656,4283,"sold",2022-10-30 14:19:55,2024-06-28 09:28:27,2
657,4284,"sold",2022-10-30 14:23:08,2024-06-28 09:28:23,2
658,4290,"sold",2022-10-30 14:27:44,2024-06-28 09:28:28,2
659,4292,"sold",2022-10-30 14:31:33,2024-04-27 07:39:26,2
660,4298,"sold",2022-10-30 14:35:40,2024-05-13 06:58:16,2
661,4310,"sold",2022-10-30 14:50:19,2024-06-28 09:28:26,2
662,4319,"sold",2022-10-30 15:05:50,2024-06-28 09:28:11,2
663,4322,"sold",2022-10-30 15:10:51,2024-06-21 06:21:02,2
664,4327,"sold",2022-10-30 15:13:50,2024-06-25 14:30:14,2
665,4336,"sold",2022-10-30 15:20:32,2024-06-25 13:35:16,2
666,4347,"sold",2022-10-30 15:28:18,2024-06-28 09:28:56,2
667,4351,"sold",2022-10-30 15:31:44,2024-06-28 09:28:42,2
668,4353,"sold",2022-10-30 15:32:09,2024-06-28 09:28:20,2
669,4354,"sold",2022-10-30 15:32:15,2024-06-28 09:28:23,2
670,4361,"sold",2022-10-30 15:40:16,2024-06-28 09:28:33,2
671,4362,"sold",2022-10-30 15:40:25,2024-06-28 09:28:45,2
672,4364,"sold",2022-10-30 15:40:50,2024-06-28 09:28:27,2
673,4370,"sold",2022-10-30 15:48:54,2024-06-28 09:28:12,2
674,4373,"sold",2022-10-30 15:49:32,2024-06-28 09:22:47,2
675,4376,"sold",2022-10-30 15:54:33,2024-06-28 09:28:17,2
676,4385,"sold",2022-10-30 16:04:13,2024-06-22 03:17:45,2
677,4388,"sold",2022-10-30 16:06:29,2024-06-28 09:28:44,2
678,4393,"sold",2022-10-30 16:10:55,2024-06-28 09:29:01,2
679,4395,"sold",2022-10-30 16:11:07,2024-06-28 09:28:55,2
680,4396,"sold",2022-10-30 16:11:20,2024-06-28 09:28:46,2
681,4401,"sold",2022-10-30 16:15:28,2024-06-28 09:28:26,2
682,4403,"rent",2022-10-30 16:15:46,2024-06-28 09:28:48,2
683,4405,"sold",2022-10-30 16:16:12,2024-06-28 02:23:53,2
684,4406,"sold",2022-10-30 16:18:56,2024-04-26 05:47:41,2
685,4415,"sold",2022-10-30 16:24:12,2024-06-28 09:28:30,2
686,4417,"sold",2022-10-30 16:24:49,2024-06-28 09:28:48,2
687,5049,"sold",2023-10-29 03:06:20,2024-06-28 09:28:38,NA
688,5132,"rent",2023-11-01 11:24:08,2024-06-28 09:29:00,2
689,5160,"sold",2023-11-02 12:45:25,2024-06-28 09:28:21,NA
690,5178,"sold",2023-11-07 12:27:19,2024-06-28 09:28:24,NA
